{ 
  "customers" : [
    { "id":1,
      "firstName":"Rachel",
      "lastName":"Green",
      "gender":"female",
      "address":"some address"
    },
    { "id":2,
      "firstName":"Chandler",
      "lastName":"Bing",
      "gender":"male",
      "address":"West Street"
    },
    { "id":3,
      "firstName":"Joey",
      "lastName":"Tribuanni",
      "gender":"male",
      "address":"some address"
    },
    { "id":4,
      "firstName":"Monica",
      "lastName":"Geller",
      "gender":"female",
      "address":"some address"
    },
    { "id":5,
      "firstName":"Ross",
      "lastName":"Geller",
      "gender":"male",
      "address":"some address"
    }
  ],
  "orders": [
    {"id":100,"product":"a","customer_id": 3},
    {"id":101,"product":"b","customer_id": 1},
    {"id":102,"product":"x","customer_id": 1}
  ]
}