{
  "employees": [
    {
      "id": 1,
      "firstName": "Rachel",
      "lastName": "Green",
      "gender": "female",
      "address": "some address",
      "project": 100
    },
    {
      "id": 2,
      "firstName": "Chandler",
      "lastName": "Bing",
      "gender": "male",
      "address": "West Street",
      "project": 101
    },
    {
      "id": 4,
      "firstName": "Monica",
      "lastName": "Geller",
      "gender": "female",
      "address": "some address",
      "project": 100
    },
    {
      "id": 5,
      "firstName": "Ross",
      "lastName": "Geller",
      "gender": "male",
      "address": "some address",
      "project": 102
    },
    {
      "id": "134",
      "firstName": "A"
    }
  ],
  "projects": [
    {
      "id": 100,
      "project": "Dream Weaver"
    },
    {
      "id": 101,
      "product": "AGiS"
    },
    {
      "id": 102,
      "product": "Acrobat"
    }
  ]
}